1,12 in a row #DubNation THIS_IS_A_URL
1,.THIS_IS_A_MENTION had some ğŸ”¥ defense last night... And some ğŸ”¥ offense. #DubNation THIS_IS_A_URL
1,Lock in! #DubNation
1,#DubNation feelin' like THIS_IS_A_URL
1,"Steph keeps the dribble alive &amp; knocks down the jumper!

#DubNation THIS_IS_A_URL"
1,"Steph #SPLASH puts the squad up 102-94, 2:48 left in the game. #DubNation"
1,Dubs up 95-89 with 4:05 to go ğŸ’ªğŸ½ #DubNation THIS_IS_A_URL
1,Game. On ğŸ€ #DubNation
1,Dubs up 102-99 with 1:28 left in the game. #DubNation THIS_IS_A_URL
1,Gonna be an interesting 4Q #DubNation THIS_IS_A_URL
1,Ian with a quick 5 points in 4 minutes. All tied up at 44 with 4:48 left in the half. #DubNation THIS_IS_A_URL
1,Got a close one at the half. #DubNation THIS_IS_A_URL
1,".THIS_IS_A_MENTION talks finding his groove off the bench &amp; more after todayâ€™s practice. #DubNation 

Full Interview Â»â€¦ THIS_IS_A_URL"
1,"Back-to-back buckets for Klay puts the Dubs up 18-14, 4:01 left in 1Q. #DubNation"
1,"Schroder has 9 points &amp; 2 steals, as THIS_IS_A_MENTION lead THIS_IS_A_MENTION 53-50 at the half on NBA League Pass. Klay pacingâ€¦ THIS_IS_A_URL"
1,really? bogut goes to DAL and plays the ENTIRE 1 st qtr?! wow. did he average 12 mins/ game last yr w GS?? #DubNation #SAvsDAL
1,Got it in time before I head back home to the #BayArea! ğŸ˜‚ğŸ’™ğŸ’› THIS_IS_A_MENTION #DubNation THIS_IS_A_URL
1,THIS_IS_A_MENTION Jun-Jun finally showing his true colorsğŸ€ #DubNation THIS_IS_A_URL
1,"THIS_IS_A_MENTION HOLINESS! YES, THANKS THIS_IS_A_MENTION !!  THIS_IS_A_MENTION ğŸ˜ #DubNation"
1,THIS_IS_A_MENTION THIS_IS_A_MENTION most warriors fans have suffered....I see #bandwagonhaters....you gave a shit abougt #DubNation 2 years ago?
1,"Art Gallery: THIS_IS_A_URL
#NBA #video #MFFL #DubNation #Knicks #LakeShow #BullsNation #Celtics #ThunderUp
THIS_IS_A_URL"
1,My all-time favorite THIS_IS_A_MENTION player is Chris Webber #DubNation #CLSweeps
1,"Listen up #dubnation, StephenCurry30 has something to say: Enjoyed this one, thanks jasongay. Check it out in wsjmâ€¦ THIS_IS_A_URL"
1,THIS_IS_A_MENTION lol.  Lock In #DubNation
1,Good luck lol #DubNation THIS_IS_A_URL
1,THIS_IS_A_MENTION THIS_IS_A_MENTION THIS_IS_A_MENTION Nothing is more annoying than Lakers &amp; Cowboys fans. Let us have our moment! #DubNation
1,Casually ran into James Harden who wanted nothing to do with his fans. Smash on his face Dubs!! #dubnation THIS_IS_A_URL
1,"i'm not proud of this, but then again, i am. #dubnation #hubnationmorelike THIS_IS_A_MENTION THIS_IS_A_URL"
1,#DubNation #DallasCowboys #HereComesDuke &amp; #WhoeverCanBeatBamaNation .. 2017 looking good for me ğŸ’«
1,"""I make the best paper airplane on the West Coast."" #DubNation THIS_IS_A_URL"
1,Try and tell me that warriors fans aren't the shit after watching this ğŸ˜‚ #DubNation THIS_IS_A_URL
1,Bossed up #bosslife #dubtalk #dubnation #jdub2k16 #flipagram @ City of Kendallville THIS_IS_A_URL
1,Mini-Mix: Kevin Durant STRONG Start to 2016-2017 Season! #NBA #DubNation THIS_IS_A_URL
1,Mini-Mix: Kevin Durant's STRONG Start to 2016-2017 Season! #NBA #DubNation THIS_IS_A_URL
1,Why people hating on KD?!?! #DUBNATION
1,Ok im ready and awake!! Let's Go #DubNation
1,".Andre talks finding his groove off the bench &amp; more after todayâ€™s practice. #DubNation 

Full Interview Â»â€¦ THIS_IS_A_URL"
1,I know you not goingğŸ˜‚ğŸ‘ŒğŸ½ğŸ´#DubNation THIS_IS_A_URL
1,THIS_IS_A_MENTION says the guy with 6 points a game.  #youmadbro. #dubnation
1,"Packers, Saints, Browns...Joe Callahan is now back with the Green Bay Packers. #thedub #d3fb #DubNationâ€¦ THIS_IS_A_URL"
1,"You know what's #FACT? Very important to know......

..................the THIS_IS_A_MENTION blew a 3-1 lead in the NBA Finals. ğŸ˜‚ #dubnation"
1,really? bogut goes to DAL and plays the ENTIRE 1 st qtr?! wow. did he average 12 mins/ game last yr w GS?? #DubNation #SAvsDAL
1,Got it in time before I head back home to the #BayArea! ğŸ˜‚ğŸ’™ğŸ’› THIS_IS_A_MENTION #DubNation THIS_IS_A_URL
1,THIS_IS_A_MENTION Jun-Jun finally showing his true colorsğŸ€ #DubNation THIS_IS_A_URL
1,"THIS_IS_A_MENTION HOLINESS! YES, THANKS THIS_IS_A_MENTION !!  THIS_IS_A_MENTION ğŸ˜ #DubNation"
1,THIS_IS_A_MENTION THIS_IS_A_MENTION most warriors fans have suffered....I see #bandwagonhaters....you gave a shit abougt #DubNation 2 years ago?
1,"Art Gallery: THIS_IS_A_URL
#NBA #video #MFFL #DubNation #Knicks #LakeShow #BullsNation #Celtics #ThunderUp
THIS_IS_A_URL"
1,My all-time favorite THIS_IS_A_MENTION player is Chris Webber #DubNation #CLSweeps
1,"Listen up #dubnation, StephenCurry30 has something to say: Enjoyed this one, thanks jasongay. Check it out in wsjmâ€¦ THIS_IS_A_URL"
1,THIS_IS_A_MENTION lol.  Lock In #DubNation
1,Good luck lol #DubNation THIS_IS_A_URL
1,THIS_IS_A_MENTION THIS_IS_A_MENTION THIS_IS_A_MENTION Nothing is more annoying than Lakers &amp; Cowboys fans. Let us have our moment! #DubNation
1,Casually ran into James Harden who wanted nothing to do with his fans. Smash on his face Dubs!! #dubnation THIS_IS_A_URL
1,"i'm not proud of this, but then again, i am. #dubnation #hubnationmorelike THIS_IS_A_MENTION THIS_IS_A_URL"
1,#DubNation #DallasCowboys #HereComesDuke &amp; #WhoeverCanBeatBamaNation .. 2017 looking good for me ğŸ’«
1,"""I make the best paper airplane on the West Coast."" #DubNation THIS_IS_A_URL"
1,Try and tell me that warriors fans aren't the shit after watching this ğŸ˜‚ #DubNation THIS_IS_A_URL
1,Bossed up #bosslife #dubtalk #dubnation #jdub2k16 #flipagram @ City of Kendallville THIS_IS_A_URL
1,Mini-Mix: Kevin Durant STRONG Start to 2016-2017 Season! #NBA #DubNation THIS_IS_A_URL
1,Mini-Mix: Kevin Durant's STRONG Start to 2016-2017 Season! #NBA #DubNation THIS_IS_A_URL
1,Why people hating on KD?!?! #DUBNATION
1,Ok im ready and awake!! Let's Go #DubNation
1,Lock in! #DubNation
1,Atlanta hawks tonight ğŸ˜  #dubnation ğŸ’™ğŸ’›  let's get this W ğŸ˜ˆğŸ’¯ğŸ€  warriors all day
1,"Why they hate me so much???ğŸ¤” Idgaf Cuzz imma Run It ğŸ†™!!!ğŸ˜ˆğŸ’°ğŸ’¸ğŸ’µ........ Oh yeah don't let me forget.... Lock In!
#DubNation"
1,#TrueToAtlanta #DubNation where are you I'm tuned in through THIS_IS_A_MENTION  let's get it crackin ğŸ€ğŸ€ğŸ€ğŸ€ğŸ€ğŸ€ğŸ€
1,30 minutes until game time!!! Lets go #DubNation â—ï¸ğŸ’¦ğŸ’¦
1,"THIS_IS_A_MENTION lol Lacin em up #RightNow 4ppl like me!ğŸ‘ŸğŸ˜ğŸ˜ğŸ˜œğŸ’ªğŸ‘ŒğŸ€ğŸ‘‘ #SplashğŸŒŠ Dats rite, #NoMoreDroplets ppl,They Bringin #WAVES! #DubNation #GSW"
1,Marreese Speights #DUBNATION #CLSWEEPS
1,I'm in the building WARRIORS BABY! #goldenstatewarriors #dubnation #warriors #kdbobbleheadnightâ€¦ THIS_IS_A_URL
1,Draymond Green and Ian Clark are both active for tonight's game. #DubNation
1,Lock in #DubNation
1,#DubNationâœ¨Warriors: Draymond Green and Ian Clark both will play Monday vs. Hawks after missing Saturday's game duâ€¦ THIS_IS_A_URL
1,Warriors player needs to aware Paul Millsap. Low-post defense is the key tonight. #DubNation #Warriors
1,Game day #DubNation
1,THIS_IS_A_MENTION THIS_IS_A_MENTION #TrueToAtlanta #dubnation - get some ğŸ€ basketball on your TV THIS_IS_A_MENTION THIS_IS_A_URL
1,"QUINTETO INICIAL #DubNation

PG - Curry
SG - Thompson
SF - Durant
PF - Green
C - Pachulia"
1,"Let's Go, WARRIORS! #DubNation #WarriorsGround #GoDubs 
THIS_IS_A_MENTION ğŸ’™ğŸ’›ğŸ‘ŒğŸ€ğŸ‘ŒğŸ’¦ğŸ”¥ğŸ˜ğŸ˜‰ğŸ˜‹ğŸ˜ğŸ†ğŸ™ THIS_IS_A_URL"
1,Lock in! ğŸ”’ğŸ€ #DubNation
1,Who's down to go to a Nets vs Golden State game? #DubNation
1,Come out &amp; catch #Warriors vs #Hawks at 7:30pm. + Enjoy half #HappyHour all night! ğŸ» #DubNation THIS_IS_A_URL
1,Let's go THIS_IS_A_MENTION Time to get the win!!!!! #DubNation ğŸ’™ğŸ’›ğŸ’™ğŸ’›ğŸ’™ğŸ‘ğŸ½ğŸ’ªğŸ½ğŸ’ªğŸ½
1,Lock in! #DubNationÂ  â˜ğŸ»ï¸
1,"Going for 12 in a row.
My team!
 #Warriors #DubNation"
1,THIS_IS_A_MENTION Jason Richardson!! #DUBNATION #CLSWEEPS
1,"With a win tonight, THIS_IS_A_MENTION will match Mike Budenholzer in career coaching wins. In 82 less games. #Warriors #DubNation"
1,"Lock in. 
#DubNation THIS_IS_A_URL"
1,Achilles is waiting for the THIS_IS_A_MENTION game to start !!!! #DubNation #Yorkie #ToughYorkie  #LoveMyGoodBoyâ€¦ THIS_IS_A_URL
1,My all-time favorite THIS_IS_A_MENTION player is _______________ #klaythompson #DubNation #CLSweeps
1,Draymond Green will start tonight and Ian Clark is active. #DubNation
1,"NBA Scholar was right âœ…
""ItÂ´s do or doom for the OKC-Durant collaboration"" ğŸ‘‰ THIS_IS_A_URL
#Warriors #OKCâ€¦ THIS_IS_A_URL"
1,Ask me what I do &amp; who I do it for ğŸ˜†ğŸ˜ THIS_IS_A_MENTION #DubNation THIS_IS_A_URL
1,THIS_IS_A_MENTION yay just saw day days expected to start! Miss his fire! Love how quickly he recoversğŸ’ª #dpoy#beast #dubnation
1,30 minutes away and it's time get LOCKED IN #BEATATLANTA #DUBNATION
1,THIS_IS_A_MENTION THIS_IS_A_MENTION THIS_IS_A_MENTION A savage in the making... Haha #DubNation
1,"At the THIS_IS_A_MENTION game watching warm-ups. THIS_IS_A_MENTION is unreal, rapid-fire bucket after bucket. ğŸ”¥ğŸ”¥ğŸ”¥#DubNation"
1,Oracle for Warriors vs Hawks. Let's go Warriors! #DubNation THIS_IS_A_URL
1,You can feel the Energy all through the arena.... #WarriorsGround  #DubNation THIS_IS_A_URL
1,Lock in #DubNation
1,Lock in #DubNation
1,THIS_IS_A_URL updates card #76 THIS_IS_A_URL for THIS_IS_A_MENTION #DubNation #WarriorsGround #ThisIsWhyWePlay
1,Gettin' the engine ready for gameday. #DubNation THIS_IS_A_MENTION THIS_IS_A_URL
1,#draymondgreen #LetsGoWarriors #DubNation #Dubs @ Golden State Warriors Home Game THIS_IS_A_URL
1,"UPDATE: Draymond Green starting, Ian Clark available for #Warriors vs #Hawks (via THIS_IS_A_MENTION THIS_IS_A_URL"
1,Lookin' for 12 in a row. #dubnation #gsw #roaracle #splashbros @ Golden State Warriors Home Game THIS_IS_A_URL
1,One #NBA game is still on the board! #TrueToAtlanta #DubNation Join Now - Use Promo Code MYVSI THIS_IS_A_MENTION
1,Game day! Go warriors #DubNation
1,i don't fw the warriors but yeah that's a dub. #dubchallenge #DubNation THIS_IS_A_URL
1,THIS_IS_A_URL updates card #5 THIS_IS_A_URL for THIS_IS_A_MENTION #DubNation #WarriorsGround #ThisIsWhyWePlay
1,Warriors v. Hawks game preview. #DubNation THIS_IS_A_URL
1,"I'm watching ""#Warriors Pregame Live"" #ViggleTV 
#viggle #letsgowarriors #warriorsground #dubnation #csnba"
1,Lock in! #DubNation
1,"Draymond Green, Ian Clark expected to be available for #Warriors vs #Hawks (via THIS_IS_A_MENTION THIS_IS_A_URL"
1,"NBA Spurs Rumors: Gregg Popovich Praises Kawhi Leonard, Hates Steph Curry THIS_IS_A_URL #NBA #GoSpursGo #DubNation #StephCurry"
1,The #Hawks are 1-8 SU in their last nine games against the #Warriors. #TrueToAtlanta #DubNationâ€¦ THIS_IS_A_URL
1,"Hasn't even had one full-contact practice yet, #DubNation! THIS_IS_A_URL"
1,WATCH: #Warriors Pregame Live starts NOW on CSN Bay Area and streaming on the THIS_IS_A_MENTION THIS_IS_A_URL #DubNation #NBA
1,"Draymond Green, Ian Clark expected to return against Hawks THIS_IS_A_URL via THIS_IS_A_MENTION #DubNation"
1,THIS_IS_A_MENTION #StephCurry is just #awesome lol. #DubNation #GoGetEm 2nite guys!!! #UGotDis!!!ğŸ’ªğŸ‘Œâ˜ğŸ’™ğŸ’› THIS_IS_A_URL
1,WATCH: THIS_IS_A_MENTION Who's #Warriors' biggest threat in Western Conference? THIS_IS_A_URL #DubNationâ€¦ THIS_IS_A_URL
1,"The history of the Golden State Warriors
THIS_IS_A_URL
#NBA #history #Warriors #DubNation #GSW #GSWarriors THIS_IS_A_URL"
1,Enemy territory #D12 #Warriors #DubNation @ Golden State Warriorsâ€¦ THIS_IS_A_URL
1,GAME DAY #DubNation ğŸ’™ğŸ’›ğŸ’™ THIS_IS_A_URL
1,Watching my man THIS_IS_A_MENTION  #DubNation #StephGonnaSteph THIS_IS_A_URL
1,It's game dayğŸ’›ğŸ’™ #dubnation
1,Got my #KevinDurant #bobblehead #DubNation #DubzAllDay #Warriors @ Golden State Warriors Home Game THIS_IS_A_URL
1,Suite Life #DubNation THIS_IS_A_URL
1,"The Flash Forward: Kevin Durant | GQ THIS_IS_A_URL 
Article reads better with KD as Warrior. #DubNation"
1,In the building. KD Bobblehead night. #DubNation THIS_IS_A_URL
1,Dude although THIS_IS_A_MENTION Hassan Whiteside is my favorite center of all time I wish he could be on the warriors #DubNation
1,Let's Go Dubs! #KDBobbleHead #Warriors #DubNation THIS_IS_A_URL
1,#Warriors head coach Steve Kerr on status of Draymond Green (left ankle). #DubNation #WarriorsGround THIS_IS_A_URL
1,just landed in miami and i feel like a brand new person im deading everyone i ever knew #dubnation
1,THIS_IS_A_MENTION THIS_IS_A_MENTION I don't think so. #DubNation #Warriors #goldenstatewarriors THIS_IS_A_URL
1,Back home for the first time in 2 years #warriorsground #dubnationâ€¦ THIS_IS_A_URL
1,I just saw the KD Drake video ğŸ˜‚ğŸ˜‚ğŸ˜‚ğŸ˜‚ğŸ˜‚ğŸ˜‚ğŸ˜‚ KD how you feel about Drake night? I dont give a d*** about a Drake night! Lol #BOSS #DubNation #KD
1,THIS_IS_A_MENTION haha enjoy your bobblehead....hoping you making that collection....#warriors #dubnation
1,At the #Warriors game tonight with THIS_IS_A_MENTION #DubNation #LetsGoWarriors #Dubs #DubzAllDay THIS_IS_A_URL
1,#kdbobbleheadnight #dubnation #godubs #beatatlanta #abc7now #igerssf @ Golden State Warriorsâ€¦ THIS_IS_A_URL
1,Got KD tho #dubnation THIS_IS_A_URL
1,"Let them live ğŸ˜‚, like all of #DubNation don't tweet ğŸ’¦ğŸ’¦ğŸ’¦ when curry hit a 3 ğŸ˜´ THIS_IS_A_URL"
1,Off to a good start! #DubNation ğŸ€ğŸ€ THIS_IS_A_URL
1,Hey #DubNation! Watching #Warriors vs #Hawks tonight? Pick up some food to go!  #bayareafood THIS_IS_A_URL
1,Check out some of my recent #moves on THIS_IS_A_MENTION ğŸ˜‚ğŸ’™ğŸ’› #warriors #warriorsground #dubnationâ€¦ THIS_IS_A_URL
1,Come out &amp; catch #Warriors vs #Hawks on the big screen tonight at 7:30pm. Arrive early to make our #HappyHour! ğŸ¹â€¦ THIS_IS_A_URL
1,#kdbobbleheadnight  #dubnation @ Oracle Arena and Oakland Alameda County Coliseum THIS_IS_A_URL
1,Yay!! #KevinDurant #Warriors #DubNation #WarriorsGround #LetsGoWarriors ğŸ’™ğŸ€ğŸ’› @ Golden Stateâ€¦ THIS_IS_A_URL
1,Warriors vs Hawks later ğŸ’¯ğŸ€ğŸ’ª#DubNation #LetsGoWarriorsLive THIS_IS_A_URL
1,#godubs #dubnation #kdbobbleheadnight #abc7now #igerssf @ Golden State Warriors Oracle Arena THIS_IS_A_URL
1,Kerr says that First round draft pick Damian Jones will not be active tonight after being recalled fromTHIS_IS_A_MENTION Cruz #Warriors #DubNation
1,THIS_IS_A_MENTION looking ready for tonight's game #goldenstatewarriors  #DubNation #NBA THIS_IS_A_MENTION #TrentFuller THIS_IS_A_URL
1,THIS_IS_A_MENTION THIS_IS_A_MENTION #DubNation or #ChokeNation...I think choke nation wbu???
1,"Show #DubNation spirit with your own signed Stephen Curry jersey. Visit: THIS_IS_A_URL  

#cybermondayâ€¦ THIS_IS_A_URL"
1,#goldenstatewarriors forward #DraymondGreen returning tonight. Can't wait #godubs #dubnation THIS_IS_A_MENTION #fanart THIS_IS_A_URL
1,Stephen Jackson was the best captain #DUBNATION #CLSWEEPS
1,may laban warriors goodluck #DubNation
1,If the warriors win tonight it will be 12 games won in a row. Focus let's get this win. #DubNation
1,Aye y'all can join #DubNation if ya want. THIS_IS_A_URL
1,Game day! ğŸ˜#DubNation
1,THIS_IS_A_MENTION #DubNation #CLSWEEPS Stephen Curry
1,It's the most wonderful time of the year!! âš½ï¸ #WeDemBoyz #DubNation THIS_IS_A_URL
1,THIS_IS_A_MENTION THIS_IS_A_MENTION  #DubNation knows how to choke a 3-1 lead better
1,"ONLY Two Loses From Both Teams Going Into December. What A Time To Be From THIS_IS_A_MENTION ! ğŸ˜

#RaiderNation #DubNationâ€¦ THIS_IS_A_URL"
1,"Steph Curry to do list. 
Check other players lists here ğŸ‘‰  THIS_IS_A_URL
#Warriors #DubNation #Curryâ€¦ THIS_IS_A_URL"
1,Look @ the points and look at his number #Curry30 #DubNation #KDrive THIS_IS_A_URL
1,Durant takes in Raiders home game: 'Atmosphere was on another level' THIS_IS_A_URL #DubNation THIS_IS_A_URL
1,Last year to this year. #dubchallenge #dublife #DubNation #DuborDie THIS_IS_A_URL
1,Lock in! #DubNation
1,I've become a person who just watches #NBA #basketball. Like I'm #scouting for the #Warriors. #idontevenknow #DubNation #basketballseason
1,Who you starting your NBA  franchise with? Lillard or Curry? #DubNation #TrailBlazers THIS_IS_A_URL
1,THIS_IS_A_MENTION ayyyy #DubNation I fuck with you
1,#dubnation #godubs #igerssf #abc7now @ Golden State Warriors Home Game THIS_IS_A_URL
1,#abc7now #igerssf #godubs #dubnation @ Golden State Warriors Home Game THIS_IS_A_URL
1,"Lock In! 
#DubNation"
1,The NBA has announced Kevin Durant as Western Conference Player of the Week â•ğŸ‘ğŸ½ #DubNation THIS_IS_A_URL
1,THE BAY ... New TasteMaker ğŸ» #DubNation Crewneck Sweatshirt in Royal Blue ğŸŒŠğŸŒŠğŸŒŠğŸŒŠ Grabs yours viaâ€¦ THIS_IS_A_URL
1,THIS_IS_A_MENTION are you at Oracle tonight? #DubNation
1,still trying to figure out why #celtics dont feed bradley we he starts heating up? maybe im just used to watching the dubs... #DubNation
1,The Weekly Dish THIS_IS_A_URL #Warriors #DubNation THIS_IS_A_URL
1,Durant takes in Raiders home game: 'Atmosphere was on another level' THIS_IS_A_URL via THIS_IS_A_MENTION #DubNation
1,The Golden State Warriors react to NFL Sunday THIS_IS_A_URL via THIS_IS_A_MENTION #DubNation
1,Game Day! Go THIS_IS_A_MENTION #DubNation #BayArea nbabrasil THIS_IS_A_URL
1,"THIS_IS_A_MENTION THIS_IS_A_MENTION 
#WeTheNorth #LetsGoWarriors #WarriorsGround #DubNation
#CHAatMEM #BuzzCity
Good Luck SBRâ€¦ THIS_IS_A_URL"
1,"#FunFact: for all the ""#Warriors lack rim protection"" chatter that's been floating around. #DubNation is 2nd in NBA in team blocks per game."
1,Game Day! Go Golden State Warriors! #DubNation #BayArea NBA Brasil THIS_IS_A_URL
1,The Weekly Dish THIS_IS_A_URL via THIS_IS_A_MENTION #DubNation
1,"ğŸ€ğŸ’°AB's Daily Degenerate Gambling GuideğŸ’°ğŸ€

Picks of the night:

#JazzÂ -3
Grizz +1 
Warriors -14 #DubNation 

#NBAÂ Â #mondaymotivation"
1,Favorite thing about the NBA season so far #DubNation THIS_IS_A_URL
1,THIS_IS_A_MENTION THIS_IS_A_MENTION THIS_IS_A_MENTION  Elevation Sensation Tim Roye calling #Dubs games one of the best to do it in any sport! #DubNation
1,Let's go Warriors #DubNation
1,these THIS_IS_A_MENTION got the sauce THIS_IS_A_URL #dubnation  #kevindurant #kd9 #basketball #sneakers #techâ€¦ THIS_IS_A_URL
1,Game Day #DubNation
1,"Back on #WarriorsGround and looking oh so chic! ğŸ‘Œ
#ootd #gameday #fashion #onpoint #warriors #dubnation THIS_IS_A_URL"
1,#dubnation all time favorite
1,Let's start the games already! #NBA #SacramentoProud #DCFamily #HeatNation #Celtics #DubNation #TrueToAtlanta #WeTheNorth #ThunderUp
1,Some new Curry's on the way THIS_IS_A_URL #dubnation  #stephencurry #klaythompson #kevindurant #sneakersâ€¦ THIS_IS_A_URL
1,I'm not mad at the hawks so its hard to get excited for this team coming in... #DubNation
1,THIS_IS_A_MENTION I'm off from work tonight so I will be able to watch. Go for 50 or get a triple double. #LockIn #DubNation
1,"God know what I'm here for but you wait on it jack
#DubNation THIS_IS_A_URL"
1,"Ian Clark, KD, and Steph ğŸ™ŒğŸ¼ #DubNation THIS_IS_A_URL"
1,"Tonight's #BWSLintheNBA Schedule

7:30 PM EST
PHI @ #WeTheNorth

8:00 PM EST
CHA @ #GrindCity

10:30 PM ESTâ€¦ THIS_IS_A_URL"
1,"THIS_IS_A_MENTION THIS_IS_A_MENTION THIS_IS_A_MENTION THIS_IS_A_MENTION THIS_IS_A_MENTION
Oh 2nd place! For sure next week Warriors is no.1 
#Dubnation"
1,"Jeeezz. After dropping consecutive games, THIS_IS_A_MENTION will get THIS_IS_A_MENTION . #DubNation #TrueToAtlanta"
1,Kevin Durant takes in #Raiders home game: 'Atmosphere was on another level' THIS_IS_A_URL #RaiderNationâ€¦ THIS_IS_A_URL
1,"Pick &amp; Roll #NBAÂ Â  Cheatsheet 
#dfsnation
#GrindCityÂ  #DubNationÂ  #HeatIsOnÂ  
#ThunderUpÂ  #DCFamilyÂ  #Knicks THIS_IS_A_URL"
1,"THIS_IS_A_MENTION Nice bobblehead. Not anatomically correct, but nice!

#DubNation"
1,no biggie just another 10:30 game to disrupt my sleep but #BEATTHEHAWKS #DubNation
1,Lucy fucked that ass up ğŸ˜‚ #DubNation
1,"GAMEDAY! Let's get the W, come on THIS_IS_A_MENTION ğŸ˜ˆ #DubNation THIS_IS_A_URL"
1,STEPH CURRY painting is now available! $35 posters to full size paintings as low as $99! Shopâ€¦ THIS_IS_A_URL
1,"atlanta challenge at oracle..
go dubs!
#dubnation
#sc30
#splashtrio"
1,Just wanna watch this game tonight ğŸ˜© #DubNation
1,"THIS_IS_A_MENTION No way we're taking an L on KD bobblehead night! Not happening, bruh! 

#DubNation"
1,THIS_IS_A_MENTION y'all ready to lose by 30? #DubNation
1,"THIS_IS_A_MENTION ""Lock in! #DubNation"" ğŸ˜‚ğŸ˜‚ğŸ˜‚"
1,I'm so irrationally hyped for this! #DubNation THIS_IS_A_URL
1,THIS_IS_A_MENTION THIS_IS_A_MENTION THIS_IS_A_MENTION #DubNation make it 12
1,THIS_IS_A_MENTION just keep that fire on THIS_IS_A_MENTION .. #GoodLuck to your games ;-) #DubNation
1,THIS_IS_A_MENTION respect the dub #DubNation
1,Because THIS_IS_A_MENTION is a good sport. We need more athletes like him. #DubNation THIS_IS_A_URL
1,"#NBA West:
#MFFL
#MileHighBasketball 
#DubNation 
#Rockets50
#ItTakesEverything 
#LakeShow
#GrindCity 
#PowerOfThePack
#ThunderUp"
1,game dayğŸ”¥ #DubNation
1,"After 20% of regular season games played, THIS_IS_A_MENTION in their own universe. #DubNation THIS_IS_A_URL"
1,"News #Nike #KD 9 â€œThe Sauce"". #NBA #KevinDurant #DubNation THIS_IS_A_URL"
1,"News #Nike #KD 9 â€œThe Sauce"". #NBA #KevinDurant #DubNation THIS_IS_A_URL"
1,Stephen Curry dons Raiders jersey after Oakland defeats his hometown Panthers -â€¦ THIS_IS_A_URL #dubnationâ€¦ THIS_IS_A_URL
1,Congrats THIS_IS_A_MENTION on Western Conference Player of the Week honorsğŸ’™ğŸ’›ğŸ‘ğŸ½ #DubNation
1,"When you use too many basketball analogies with third graders, they use them back. #DubNation #DefendTheLand THIS_IS_A_URL"
1,Please Watch #NBA #GSW #DubNation #StephCurry #Video THIS_IS_A_MENTION #WARRIORS THIS_IS_A_URL
1,THIS_IS_A_MENTION cute! ... but we still love and miss our THIS_IS_A_MENTION ğŸ’™ğŸ’› #DubNation
1,The Warriors have quietly become the superteam we all expected THIS_IS_A_URL via THIS_IS_A_MENTION #DubNation
1,Starting to plan my next ep. It will be dubstep. Should I try and get this signed when it's done? ğŸ¤” #NewMusic #DubNation #Dubstep
1,Golden State #DubNation Looks to Continue Winning Streak as #TrueToAtlanta Visits Tonight - THIS_IS_A_URL
1,KD named Western Conference player of the week ğŸ‘Œ #Dubnation
1,Yes sir #Dubnation ğŸ”¥âœŠğŸ½ THIS_IS_A_URL
1,"It's GAME DAY
#LetsGoWarriors
#DubNation
THIS_IS_A_URL"
1,"Player of the Week:

East : Kevin Love
West : Kevin Durant

#DefendTheLand
#DubNation"
1,Atlanta Hawks @ Golden State Warriors: Game 18 Preview THIS_IS_A_URL via THIS_IS_A_MENTION #DubNation
1,Somebody say #dubchallenage #DubNation ğŸ€âœŒğŸ¾ï¸ğŸ”¥ THIS_IS_A_URL
1,Warriors' Durant named Western Conference Player of the Week - Comcast SportsNetâ€¦ THIS_IS_A_URL THIS_IS_A_URL
1,"Winning cures all: 'Hyper, goofy' McGee fitting in with Warriors THIS_IS_A_URL #DubNation THIS_IS_A_URL"
1,"NBA Gameday: Warriors hope to have Green, Clark vs Hawks THIS_IS_A_URL #DubNation THIS_IS_A_URL"
1,Continue making history! #DubNation #StrengthInNumbers
1,"Strong Hawks team are the opponents for the Dubs tonight, if we play and defend like we have then another W is sureâ€¦ THIS_IS_A_URL"
1,I can't wait to cheer on the girls and boys tonight #DubNation ğŸ’™ğŸ€
1,"It's impossible to have a #caseofthemondays when it's #gameday! 
#warriors #dubnation #nbadancers #nba THIS_IS_A_URL"
1,THIS_IS_A_MENTION THIS_IS_A_MENTION yeah this gonna be a good game until the 3rd. Then it will be a blood bath lol #DubNation
1,Right now which player would you want to see in person the most? #poll THIS_IS_A_MENTION THIS_IS_A_MENTION #DubNation #ThunderUp #DefendtheLand
1,Kevin Durant playing some football at practice after being named the NBA Western Conference Player of the Weekâ€¦ THIS_IS_A_URL
1,THIS_IS_A_MENTION #dubnation tonight
1,Warriors' Green confident he'll return Monday - ESPN THIS_IS_A_URL #dubnation THIS_IS_A_URL THIS_IS_A_URL
1,"""Player of the Week""â›¹ğŸ¾ THIS_IS_A_MENTION  they already knew that ğŸ† though  #DubNation"
1,"Curry loses bet, dons Raiders jersey vs hometown Panthers THIS_IS_A_URL #DubNation THIS_IS_A_URL"
1,Warriors' Durant named Western Conference Player of the Week THIS_IS_A_URL #DubNation THIS_IS_A_URL
1,"After two games with Santa Cruz, Jones recalled by Warriors THIS_IS_A_URL #DubNation THIS_IS_A_URL"
1,"Game time, let's go. #Dubnation #Weready"
1,THIS_IS_A_MENTION THIS_IS_A_MENTION THIS_IS_A_MENTION Korver can't play d.. Of course the dubs can.  #DubNation
1,Come #dance with us.... you know you want to!ğŸ’ƒ #warriors #dubnation #nba #nbadancera #warriorsground THIS_IS_A_URL
1,Of course THIS_IS_A_MENTION can win 12 in a row - and they will. Right THIS_IS_A_MENTION âœŒï¸ï¸ #WeBelieve #DubNation #dubs THIS_IS_A_URL
1,THIS_IS_A_MENTION THIS_IS_A_MENTION THIS_IS_A_MENTION wait wait that's means your a fucking BANDWAGON you shoulda been a NEW Warriors fan #dubNation
1,"Under Armour Curry 3 ""Trifecta Black"" $140

Buy Now: THIS_IS_A_URL
#Curry3 #UnderArmour #TripleBlackâ€¦ THIS_IS_A_URL"
1,KD named Western Conference Player Of The Weekâ• #DubNation THIS_IS_A_URL
1,"Tonight, the Dubs host the Hawks and look for there 12th straight W. #DubNation"
1,THIS_IS_A_MENTION Oakland fans are the best fans! #dubnation #raidernation
1,#DubNationâœ¨Warriors (15-2) move up 1 spot to No. 2 in the Week 6 NBA Power Rankings; host Hawks (10-7) on Monday (â€¦ THIS_IS_A_URL
1,#DubNationâœ¨Warriors: F Draymond Green (ankle) says he plans to play Monday night vs. Hawks; missed Saturday's gameâ€¦ THIS_IS_A_URL
1,Which THIS_IS_A_MENTION offer the best #DFS value tonight? #NBA #DraftKings #FanDuel #DubNation
1,Very confident my dubs are getting this win tonight !!! #Dubnation
1,THIS_IS_A_MENTION THIS_IS_A_MENTION THIS_IS_A_MENTION #Warriors are kicking ass on 11 game win streak and #Raiders are rolling ! #DubNation #RaiderNation
1,THIS_IS_A_MENTION #Warriors are kicking ass on a 11 game win streak and #Raiders are rolling red hot! #DubNation  #RaiderNation
1,THIS_IS_A_MENTION lettttssss gooooo gettttt anotheerrrrrrr 1 tonight !!ğŸ€ğŸ’¯ğŸ¤˜ #DubNation THIS_IS_A_URL
1,"Congrats Kevins! 

Kevin Love &amp; Kevin Durant take home #NBAÂ Player of the Week honors.

#DefendTheLandÂ  #DubNation THIS_IS_A_URL"
1,Kevin Durant Named Western Conference Player Of The Week THIS_IS_A_URL via THIS_IS_A_MENTION #DubNation
1,Priorities ya feel me jk ğŸ˜‚ğŸ˜‚#DubNation THIS_IS_A_URL
1,Wet!!! ğŸ’¦ğŸ’¦ğŸ’¦ Just cop'd a new Mitchell lid of this logo before I dipped to NYC too. #DubNation THIS_IS_A_URL
1,Lock in! #DubNation
1,New currys! #DubNation #WarriorsGround  âœŒğŸ»ğŸ€ THIS_IS_A_URL
1,Warriorsâ€™ Kevin Durant named Western Conference Player of the Week THIS_IS_A_URL via THIS_IS_A_MENTION #DubNation
1,Nice. The THIS_IS_A_MENTION are on a roll now #DubNation
1,"#DubNation 
MVP 
#Stephen Curry"
1,Hey Bro THIS_IS_A_MENTION hope you good and ready to go for tonight's game? #DubNation
1,"After two games with Santa Cruz, Jones recalled by Warriors - Comcast SportsNetâ€¦ THIS_IS_A_URL #dubnationâ€¦ THIS_IS_A_URL"
1,Five Key Stats For Golden State Warriors After A Fifth Of The Season - Forbes THIS_IS_A_URL #dubnation THIS_IS_A_URL
1,NBA Power Rankings: Golden State's rise leads shuffle in top 5 - ESPN THIS_IS_A_URL #dubnationâ€¦ THIS_IS_A_URL
1,"THIS_IS_A_MENTION It'll be interesting to see who wins the MVP this year. Curry, or KD?...

#DubNation"
1,"It was a good week for Kevin's!
#DubNation THIS_IS_A_MENTION &amp; #DefendtheLand THIS_IS_A_MENTION named Eastern &amp; Western Conferenceâ€¦ THIS_IS_A_URL"
1,"It was a good week for Kevin's!
#DubNation THIS_IS_A_MENTION &amp; #DefendtheLand THIS_IS_A_MENTION named Eastern &amp; Western Conferenceâ€¦ THIS_IS_A_URL"
1,Tim Hardaway #DubNation #CLSweeps
1,THIS_IS_A_MENTION 4 blocks in Santa Cruz debut?  Is that right?  ğŸ–ğŸ–ğŸ–ğŸ– #DubNation is with you
1,Warriorsâ€™ Damian Jones called up from Santa Cruz THIS_IS_A_URL via THIS_IS_A_MENTION #DubNation
1,"Kevin Durant &amp; Kevin Love take home #NBA Player of the Week honors!

#DubNation
#DefendTheLand THIS_IS_A_URL #sportstar #warriors"
1,THIS_IS_A_MENTION #DubNation #DefendtheLand THIS_IS_A_MENTION THIS_IS_A_MENTION THE TWO KEVINS ARE THE BEST PLAYER OF THE WEEK!!!ğŸ’ªğŸ’ªğŸ’ª
1,"GAMEDAY : Warriors vs Hawks | Oracle Arena , Oakland | 04h30 | #DubNation THIS_IS_A_URL"
1,Kevin Durant Named Western Conference Player Of The Week THIS_IS_A_URL #Warriors #DubNation THIS_IS_A_URL
1,"Kevin Durant &amp; Kevin Love take home #NBA Player of the Week honors!

#DubNation
#DefendTheLand THIS_IS_A_URL #sportstar #thunder"
1,"Kevin Durant &amp; Kevin Love take home #NBA Player of the Week honors!

#DubNation
#DefendTheLand THIS_IS_A_URL #sportstar #bulls"
1,"Kevin Durant &amp; Kevin Love take home #NBA Player of the Week honors!

#DubNation
#DefendTheLand THIS_IS_A_URL #sportstar #celtics"
1,"Kevin Durant &amp; Kevin Love take home #NBA Player of the Week honors!

#DubNation
#DefendTheLand THIS_IS_A_URL #sportstar #lakers"
1,"Kevin Durant &amp; Kevin Love take home #NBA Player of the Week honors!

#DubNation
#DefendTheLand THIS_IS_A_URL #sportstar #raptorsâ€¦"
1,THIS_IS_A_MENTION Cheers. 1 day... #DubNation #DefendTheLand Blessed 4 this &amp; more....Saw sum of dem moves! Send yr juju 2016! I had a curse-tis gone?
1,Damian Jones has been recalled by the Warriors from Santa Cruz. RT if you're excited to see him make his debut!â€¦ THIS_IS_A_URL
1,"Kevin Durant &amp; Kevin Love take home #NBA Player of the Week honors!

#DubNation
#DefendTheLand THIS_IS_A_URL #sportstar #spurs"
1,"Kevin Durant &amp; Kevin Love take home #NBA Player of the Week honors!

#DubNation
#DefendTheLand THIS_IS_A_URL #sportstar"
1,"Kevin Love and Kevin Durant were named the Eastern and Western Conference Players of the Week. 

#DefendtheLand 
#DubNation"
1,#DefendtheLand Kevin Love and #DubNation Kevin Durant named Eastern and Western Conference players of the week #NBA THIS_IS_A_URL
1,"Kevin Durant named Western Conference Player of the Week after avg 24.8 pts, 8.3 Rebs, 6.3 ast, 2.75 blocks. #Warriors #DubNation #NBA"
1,What a time to be a raiders and warriors fan #RaiderNation #DubNation
1,Congratulations to Kevin Durant for winning Western Conference Player of the Week!!! #DubNation warriors THIS_IS_A_URL #Raiders
1,"Kevin Durant &amp; Kevin Love take home #NBA Player of the Week honors!

#DubNation
#DefendTheLand THIS_IS_A_URL"
1,Congratulations to Kevin Durant for winning Western Conference Player of the Week!!! #DubNation THIS_IS_A_MENTION THIS_IS_A_URL
1,Fuck it. GLOW UP IS REAL #DubNation #Dub-challenge THIS_IS_A_URL
1,"THIS_IS_A_MENTION THIS_IS_A_MENTION  are you okay, bro? #DubNation needs you back, bro?"
1,Game Day ğŸ€ğŸ‘ŒğŸ» #Warriors #DubNation #StrengthInNumbers #GoldenStateWarriors #TheCity #ThisIsWhyWePlay #LoveThisGame #ChoraDrake
1,THIS_IS_A_MENTION aye Dray how that ankle feeling? We wanna see you back. #DubNation
1,Tim Hardaway #DUBNATION #CLSWEEPS
1,These remind me of cranberry sauce THIS_IS_A_URL #kevindurant #kd9 #nike #basketball #sneakers #techâ€¦ THIS_IS_A_URL
1,Golden State Warriors - Atlanta Hawks - THIS_IS_A_URL ASIA THIS_IS_A_URL #dubnationâ€¦ THIS_IS_A_URL
1,Golden State Warriors - Atlanta Hawks - THIS_IS_A_URL ASIA THIS_IS_A_URL #dubnationâ€¦ THIS_IS_A_URL
1,Warriors tonight: Slumping Atlanta Hawks come to Oracle - The Mercury News THIS_IS_A_URL #dubnationâ€¦ THIS_IS_A_URL
1,#gametime #lockedin #DubNation I'm excited to see his on court IQ I hear at of great things about him THIS_IS_A_URL
1,WWWWWWWWWWWarriors (15-2) have won 11 consecutive games - Watch out THIS_IS_A_MENTION #DubNation THIS_IS_A_URL
1,"#dubnation #dubnation #dubnation #dubnation 
Number one now in the #nba power ranking THIS_IS_A_URL"
1,Christmas Curry's for all THIS_IS_A_URL #curry3 #underarmour #sneakers #tech #google #dubnation #newsâ€¦ THIS_IS_A_URL
1,Raptors got Drake? That's cuteÂ…#dubnation THIS_IS_A_URL
1,Awesome weekend w/ THIS_IS_A_MENTION THIS_IS_A_MENTION THIS_IS_A_MENTION Excited to hit up my first THIS_IS_A_MENTION game tonight (vs. Hawks)! #DubNation
1,THIS_IS_A_MENTION THIS_IS_A_MENTION THIS_IS_A_MENTION THIS_IS_A_MENTION yeah finally getting the appreciation for the hard work  #DubNation
1,Game tonight ğŸ€ #DubNation
1,Game Preview: Warriors at Lakers - 11/25/16 | Golden State Warriors THIS_IS_A_URL #dubnation
1,has it really been 11 wins since that lakers thrashing? oh how time flies #DubNation
1,Game day THIS_IS_A_MENTION vs THIS_IS_A_MENTION get this W #DubNation #LetsGoWarriors
1,Steph Curry #DubNation #CLSweeps THIS_IS_A_MENTION
1,Game dayyyy #dubnation THIS_IS_A_MENTION
1,NBA: Draymond Green is 'pretty confident' that he will play tonight vs Hawks after missing the last game(ankle). #DubNation
1,The THIS_IS_A_MENTION have been looking surprisingly good so far. Very underrated team. Looking forward to playing them tonight! #DubNation
1,"If the warriors go on a 21 game win streak they will be 25-2.. not saying they will do it, just saying. #DubNation"
1,The Warriors have quietly become the superteam we all expected - SB Nation THIS_IS_A_URL #dubnationâ€¦ THIS_IS_A_URL
1,Does it really matter because there on the same team now so....Yeah #DubNation THIS_IS_A_URL
1,Bruh you're a hater #DubNation THIS_IS_A_URL
1,NBA Power Rankings: Warriors inch closer to No. 1 THIS_IS_A_URL #DubNation THIS_IS_A_URL
1,Warriors v. Hawks game preview. #DubNation THIS_IS_A_URL
1,Warriors Recall Damian Jones from Santa Cruz Warriors THIS_IS_A_URL #Warriors #DubNation THIS_IS_A_URL
1,When you can't wait until THIS_IS_A_MENTION &amp; THIS_IS_A_MENTION come out w #Warriors colorway...you do it yourself. THIS_IS_A_MENTION THIS_IS_A_URL
1,Happy Birthday THIS_IS_A_MENTION hope it's a good one!! #DubNation
1,"#DubNation Draymond Green (left ankle) ""pretty confident"" to play vs #TrueToAtlanta tonight, THIS_IS_A_MENTION reports #NBA"
1,"THIS_IS_A_MENTION SHHHHHHH, THE HATERS MIGHT HEAR YOU! #DUBNATION"
1,5 Daily Fantasy Basketball Value Plays for 11/28/16 THIS_IS_A_URL via THIS_IS_A_MENTION #DubNation
1,"/bows head and silently prays for fewer regular-season wins...
...and utter, breathtaking, savage, scorched-earth pâ€¦ THIS_IS_A_URL"
1,THIS_IS_A_MENTION He thought a football might be a little easier for Curry to get over the rim on a dunk....baby steps. #Warriors #DubNation
1,"These two, meeting again in June? Hmm... ğŸ¤”
#NBA #Defendtheland #DubNation THIS_IS_A_URL"
1,"That's what's up KD...#Respect

And don't even trip off the hater #TwaggotSquad comments
#HaterGonHateâ€¦ THIS_IS_A_URL"
1,Its a good look THIS_IS_A_MENTION ğŸ‘Œ #DubNation THIS_IS_A_URL
1,Lock in #DubNation
1,"THIS_IS_A_MENTION (1) THIS_IS_A_MENTION (23) THIS_IS_A_MENTION (11) THIS_IS_A_MENTION (30)    THIS_IS_A_MENTION (35) That lineup keeps it ğŸ’¯, literally! #DubNation"
1,NBA Power Rankings: Warriors inch closer to No. 1 THIS_IS_A_URL via THIS_IS_A_MENTION #DubNation
1,#DubNation with THIS_IS_A_MENTION THIS_IS_A_URL
1,I guess THIS_IS_A_MENTION is human. I had my doubts! Just makes me a bigger fan of him! THIS_IS_A_MENTION #DubNation #nba THIS_IS_A_URL
1,"#DubNation ğŸ‘€ you, Yan!!  THIS_IS_A_MENTION (ğŸ¥: THIS_IS_A_MENTION THIS_IS_A_URL"
1,"The Golden State Warriors recall 1st round pick, 7-foot center Damian Jones from the Santa Cruz Warriors of the NBAâ€¦ THIS_IS_A_URL"
1,THIS_IS_A_MENTION THIS_IS_A_MENTION THIS_IS_A_MENTION trust the process #DubNation
1,Random #DubNation thought:  I like Kevin Durant.  He has been a great addition to the team.
1,Warriors game day: Will Draymond Green return against Hawks? THIS_IS_A_URL via THIS_IS_A_MENTION #DubNation
1,THIS_IS_A_MENTION  The #Warriors &amp; #Raiders best 2 teams in pro sports by far! #DubNation #RaiderNation
1,Cyber Monday Sale - 30% Off On All Warriors Apparel - THIS_IS_A_URL #DubNation
1,"I can't be mad it's Monday 
#DubNation"
1,"Price Drop #Warriors #Raiders #Giants #A's #Sharks #MadMax #dealRunway THIS_IS_A_URL
#dubnation #gsw #RaiderNation #CyberMonday"
1,"Welcome to The Bay, Atlanta. 
ğŸ’›3ï¸âƒ£0ï¸âƒ£ğŸ€ğŸ’™ #DubNation THIS_IS_A_URL"
1,THIS_IS_A_MENTION Been saying that for a while now. Nobody heard me over the sound of pitchforks clanging together as #DubNation marched on Zaza
1,"Get all your Christmas Shopping done today! Our 40% off everything sale ends tonight, shop onlineâ€¦ THIS_IS_A_URL"
1,"ğŸ€ #NBA
ğŸ“Œ Warriors vs. Hawks
ğŸ“† Lunes 28
ğŸ•“ 00.30 (ARG)
ğŸŸ Oracle Arena

#DubNation #TrueToAtlanta"
1,THIS_IS_A_MENTION  Try to make 15 three pointers in a game. Lol huge fan #dubnation
1,When they don't know what else to do to stop the Human Torch. #StephGonnaSteph #DubNation THIS_IS_A_URL
1,THIS_IS_A_MENTION has the sauce this Christmas THIS_IS_A_URL #nike #basketball #kevindurant #kd9 #dubnation #sneakersâ€¦ THIS_IS_A_URL
1,The Ron Burgundy THIS_IS_A_URL #underarmour #curry3 #stephencurry #dubnation #kevindurant #klaythompsonâ€¦ THIS_IS_A_URL
1,It's #game day!!! #Warriors #DubNation THIS_IS_A_URL
1,THIS_IS_A_MENTION THIS_IS_A_MENTION THIS_IS_A_MENTION THIS_IS_A_MENTION THIS_IS_A_MENTION #Dubs &amp; #Raiders 2 most dominant teams in sports!#DubNation #RaiderNation
1,i can do all things 2.5 #SC #stephencurry #sneakers #dubnation THIS_IS_A_URL THIS_IS_A_URL
1,The #DubNation Daily is out! THIS_IS_A_URL Stories via THIS_IS_A_MENTION THIS_IS_A_MENTION THIS_IS_A_MENTION #dubs #canadian
1,Splash #DubNation THIS_IS_A_URL
1,My all-time favorite THIS_IS_A_MENTION player is Stephen Curry #DubNation   #CLSweeps
1,Slate Night is my favorite #DubNation THIS_IS_A_URL
1,Happy birthday!! THIS_IS_A_MENTION ğŸ˜›ğŸ˜› #DubNation THIS_IS_A_URL
1,Coming soon: Me as a mom #DubNation THIS_IS_A_URL
1,Ian Clark and Draymond Green questionable for tonight vs Atlanta? Let's get it done #DubNation
1,"NEW:Watch #KlayThompson on  Lebron, Rocco,Ugly Sweaters &amp; more:THIS_IS_A_URL #DubNation #WarriorsGround THIS_IS_A_MENTION THIS_IS_A_MENTION"
1,"NEW:Watch #KlayThompson on  Lebron, Ugly Sweaters &amp; more:THIS_IS_A_URL #DubNation #WarriorsGround THIS_IS_A_MENTION THIS_IS_A_MENTION"
1,"#KlayThompson on Shooter McGavin, Lebron, Ugly Sweaters &amp; more:THIS_IS_A_URL #DubNation #WarriorsGround THIS_IS_A_MENTION THIS_IS_A_MENTION"
1,THIS_IS_A_MENTION hoping to get their 13th win tonight against THIS_IS_A_MENTION #DubNation
1,Going to the #Warriors game tonight!!!! Can't wait to get my KD bobblehead!!! #DubNation ğŸ’™ğŸ’›
1,"GAMEDAY! #DubNation #TrueToAtlanta 

ğŸ  ORACLE Arena ğŸ 
ğŸ“º NBA League Pass ğŸ“º THIS_IS_A_URL"
1,The Hawks come to town for their only visit of the year. #DubNation #BeatATL
1,THIS_IS_A_MENTION My Favorite Player Of The NBA #DubNation
1,"NEXT: #Warriors Insider THIS_IS_A_MENTION on how the #Dubs have gelled during the win streak. #DubNation

Listen Liveâ€¦ THIS_IS_A_URL"
1,"#Dubnation,LIFER baby THIS_IS_A_URL"
1,THIS_IS_A_MENTION respect your loyalty!!! #ManOfYourWord #DubNation #RN4L #KeepinItReal #StayBlessedğŸ™ğŸ½
1,"Warriors first-month grades: Durant integration, Death lineup, size, bench -â€¦ THIS_IS_A_URL #dubnationâ€¦ THIS_IS_A_URL"
1,"NBA Trade Rumors: Brandon Knight joining NBA superteam Golden State Warriors,â€¦ THIS_IS_A_URL #dubnationâ€¦ THIS_IS_A_URL"
1,My guys def the best ina nba #DubNation THIS_IS_A_URL
1,THIS_IS_A_MENTION let's go #DubNation
1,"Looking forward for their 12th straight wins! GO WARRIORS!!!! â™¥â˜º
#DubNation 
#stephcurry 
#KD 
#Klay THIS_IS_A_URL"
1,Amazing #DubNation Stephen Curry's Story  From Underdog to NBA MVP THIS_IS_A_URL via THIS_IS_A_MENTION
1,It's Gameday the DUBS host the hawks THIS_IS_A_MENTION 7:30 Pm #DubNation
1,SFCR EQUIPMENT #CyberMonday #GilmoreGirls #GivingTuesday #recount #NotforProfit #Dubnation #donate #SocialGood THIS_IS_A_URL
1,"1 DAY Y'ALL until the 1st home game, are you ready????? girls @ 5:00 &amp; boys @ 7:45 vs. Cathedral. Be there.â€¦ THIS_IS_A_URL"
1,"Let's go, babies!! #DubNation ğŸ’›ğŸ’™ğŸ’›ğŸ’™ THIS_IS_A_URL"
1,"I really love my team, everybody deserves a ring, #DubNation til I die but we ain't trippin off a 3-1 fuckin lead"
1,"HASHTAG (November 29th, 2016): #ALDUBMistakenIdentity.

Let's Go, #DubNation! THIS_IS_A_URL"
1,Game Day #DubNation 15-2
1,Golden State Warriors News And Updates: JaVale McGee Slowly Finding His Roleâ€¦ THIS_IS_A_URL #dubnationâ€¦ THIS_IS_A_URL
1,Er meh God! Today's game is THIS_IS_A_MENTION v.s. THIS_IS_A_MENTION My favorite teams... #DubNation #TrueToAtlanta THIS_IS_A_URL
1,"#UnderArmour Men's STEPHEN #CURRY ""Beyond The Arc"" Graphic MVP T-Shirt #Emoji THIS_IS_A_URL â€¦ THIS_IS_A_MENTION #DubNation #kd #Warriors #ua"
1,THIS_IS_A_MENTION THIS_IS_A_MENTION - THIS_IS_A_URL Raped by THIS_IS_A_MENTION #DubNation
1,"THIS_IS_A_MENTION THIS_IS_A_MENTION - THIS_IS_A_URL Shake n bake!! Now you see me, and sinks the jumper for #DubNation on THIS_IS_A_MENTION #NBARapidReplay"
1,"The Slash Brother
#stephcurryğŸ”¥ #klaythompsonğŸ”¥ #splash #brother #gsw #DubNation  #warriors #idol THIS_IS_A_URL"
1,It's #Warriors GAME DAY! Dubs will face the Hawks ğŸ’ªğŸ’ª#DubNation ğŸ€3âƒ£3âƒ£3âƒ£ğŸ’¦
1,Game day ğŸ˜ğŸ€ #DubNation
1,"Game day......
Golden State Warriors Vs Atlanta Hawks
#DubNation"
1,Itssssss GAME DAY ğŸ’™ğŸ’› #DubNation
1,"It's November 28, 2016 at 10:00AM and I'm ready to protect and serve! #dubnation, how you feeling today?"
1,THIS_IS_A_MENTION THIS_IS_A_MENTION Everything #DubNation sells out so quick!
1,"Updated #NBA Power Rankings -

Link: THIS_IS_A_URL

1. #Cavs
2. #DubNation 
3. ?
4. ?
5. ? THIS_IS_A_URL"
1,"Good Morning #DubNation
Its Game day and we host the THIS_IS_A_MENTION Less get this W THIS_IS_A_MENTION and keep the win streak going ğŸ™!!!!"
1,"#NBA Standings:
15-2 #DubNation
14-4 #ItTakesEverything
9-9 #LakeShow
7-10 #SacramentoProud
5-13 #WeArePHX THIS_IS_A_URL"
1,"NBA Trade Rumors: Stephen Curry to Los Angeles Clippers, Chris Paul to Goldenâ€¦ THIS_IS_A_URL #dubnationâ€¦ THIS_IS_A_URL"
1,Week 4 NBA power rankings: Warriors hold steady at the top - USA TODAY THIS_IS_A_URL #dubnationâ€¦ THIS_IS_A_URL
1,"Watch how the THIS_IS_A_MENTION get their 12th-straight win, Be sure to ğŸ”’ in #DubNation #GSW #GoldenStateWarriorsâ€¦ THIS_IS_A_URL"
1,oooooh game day #DubNation
1,Happy Birthday Bogues !ğŸ‰ğŸ’›ğŸ’™#DubNation THIS_IS_A_URL
1,Happy Birthday Blur !ğŸ‰ğŸ’™ğŸ’› #DubNation THIS_IS_A_URL
1,"Happy Birthday, Champ! THIS_IS_A_MENTION ğŸ‰ğŸˆ #DubNation THIS_IS_A_URL"
1,"IT'S GAME DAY vs 
The Atlanta Hawks 10:30PM/ET On NBA League Passâ—ï¸â• #DubNation THIS_IS_A_URL"
1,"Some of these early numbers by the Warriors:

1. FG% 50.6%, 2. Rockets (46.9%)
1. Assists 31.5 , 2. Rockets (24.8)

#DubNation"
1,"ğŸ”“ğŸ”’ğŸ” IN @ 7:30PM THIS_IS_A_MENTION 
@ IT AGAINğŸ‘‰ğŸ’¦ğŸ€ğŸ’ƒğŸ‘ˆ DON'T MISS OUT 
ON SUCH A #DUBTASTIC
 ğŸ’¥ğŸ’›ğŸ’™ğŸ’¥ #DUBNATIONğŸ’¥ğŸ’›ğŸ’™ğŸ’¥ MOMENT."
1,THIS_IS_A_MENTION Steph Curry is my all-time favorite Golden State Warriors player; and hashtags #DUBNATION and #CLSWEEPS
1,"Atlanta Hawks vs Golden State Warriors @ Oracle Arena 11:30am
Two of my favorite teams in the NBA 
#TrueToAtlanta #DubNation"
1,#dubnation always win. I'm ready for tonight THIS_IS_A_URL
1,I'm just ready for the game tonight!! #DubNation #GoWarriors
1,"that's parking lot, THIS_IS_A_MENTION

#DubNation #NbaTipo #nba THIS_IS_A_URL"
1,"that's parking lot, THIS_IS_A_MENTION

#DubNation #NbaTipo #nba THIS_IS_A_URL"
1,THIS_IS_A_MENTION is this UA Clutchfit Drive 3? #DubNation THIS_IS_A_URL
1,Durant shows he's Warriors' MVP so far - SFGate THIS_IS_A_URL #dubnation THIS_IS_A_URL THIS_IS_A_URL
1,"#GAMEDAY #DubNationâ€¯â€¯â€¯

ğŸ€ vs Atlanta Hawks - #TrueToAtlanta 
ğŸ  Oracle Arena, Oakland
ğŸ•› 1h30 (BR)
ğŸ“ºLinks ou GamePass

#DubNation #GoWarriors"
1,Welcome to the club THIS_IS_A_MENTION ğŸ˜‚ THIS_IS_A_MENTION #DubNation
1,"ê«›ê«€êª ï½“ï½ˆï½ï½…ï½“

Curry3   Dub Nation Home!
#Curry3  #DubNation #stephcurry THIS_IS_A_URL"
1,#Watch The Official Music Video of THIS_IS_A_MENTION - Mat Warriors (Prod. by James Butcher) on THIS_IS_A_MENTION THIS_IS_A_URL
1,15-2 (11 in a row) #DubNation THIS_IS_A_URL
1,vina F baby time. ğŸ’œ#dubnation ğŸ’™ğŸ’› @ Golden State Warriors Home Game THIS_IS_A_URL
1,"#DUBNATION  #CLSWEEPS THIS_IS_A_MENTION
David West"
1,"#DUBNATION  #CLSWEEPS THIS_IS_A_MENTION
Patrick McCaw"
1,"Until Man Utd gets better, I'll remain with basketball.
#DubNation"
1,"The MVP
#Dubnation

 THIS_IS_A_URL"
1,Never thought I'd be this hype at 2:53 playing battleship on IMessage #DubNation
1,We got u fam. #dubnation THIS_IS_A_URL
1,2016 never happened #DubNation
1,"THIS_IS_A_MENTION THIS_IS_A_MENTION I've been watching NBA ball for more decades than I'll admit, and yes, Curry&gt;LeBron and Durant&gt;LeBron #DubNation"
1,*throws up W* ğŸ˜› #dubnation.
1,"#NBAsaABSCBN: #Rockets50 vs #DubNation on Friday December 2, 11:30 AM LIVE on S+A channel 23"
1,"#RaiderNation 9-2 #DubNation 15-2
#Oakland 24-4 no city has a better record...ğŸ’¯âœŒ"
